STATION_DEPTH,eventID,eventDate,decimalLatitude,decimalLongitude,minimumDepthInMeters,maximumDepthInMeters,geodeticDatum,samplingProtocol
260,GC120604WBWB-72,2004-12-06T00:00:00Z,42.8612,-69.8605,255,255,EPSG:4326,"Mesh net cast: 0.75 meter diameter single ring or a SEA - GEAR Model 9600 twin - ring, 200µm mesh"
255,GC013005WBWB-71,2005-01-30T00:00:00Z,42.8646,-69.8632,250,250,EPSG:4326,"Mesh net cast: 0.75 meter diameter single ring or a SEA - GEAR Model 9600 twin - ring, 200µm mesh"
255,GC013005WBWB-72,2005-01-30T00:00:00Z,42.8646,-69.8632,250,250,EPSG:4326,"Mesh net cast: 0.75 meter diameter single ring or a SEA - GEAR Model 9600 twin - ring, 200µm mesh"
245,GC021405WBWB-71,2005-02-14T00:00:00Z,42.8646,-69.8632,240,240,EPSG:4326,"Mesh net cast: 0.75 meter diameter single ring or a SEA - GEAR Model 9600 twin - ring, 200µm mesh"
245,GC021405WBWB-72,2005-02-14T00:00:00Z,42.8646,-69.8632,240,240,EPSG:4326,"Mesh net cast: 0.75 meter diameter single ring or a SEA - GEAR Model 9600 twin - ring, 200µm mesh"
249,GC031805WBWB-71,2005-03-18T00:00:00Z,42.8626,-69.8621,244,244,EPSG:4326,"Mesh net cast: 0.75 meter diameter single ring or a SEA - GEAR Model 9600 twin - ring, 200µm mesh"
249,GC031805WBWB-72,2005-03-18T00:00:00Z,42.8626,-69.8621,244,244,EPSG:4326,"Mesh net cast: 0.75 meter diameter single ring or a SEA - GEAR Model 9600 twin - ring, 200µm mesh"
263,GC040605WBWB-71,2005-04-06T00:00:00Z,42.8626,-69.8621,258,258,EPSG:4326,"Mesh net cast: 0.75 meter diameter single ring or a SEA - GEAR Model 9600 twin - ring, 200µm mesh"
263,GC040605WBWB-72,2005-04-06T00:00:00Z,42.8626,-69.8621,258,258,EPSG:4326,"Mesh net cast: 0.75 meter diameter single ring or a SEA - GEAR Model 9600 twin - ring, 200µm mesh"
261,GC051005WBWB-71,2005-05-10T00:00:00Z,42.862,-69.8623,256,256,EPSG:4326,"Mesh net cast: 0.75 meter diameter single ring or a SEA - GEAR Model 9600 twin - ring, 200µm mesh"
263,GC061705WBWB-71,2005-06-17T00:00:00Z,42.8634,-69.8618,258,258,EPSG:4326,"Mesh net cast: 0.75 meter diameter single ring or a SEA - GEAR Model 9600 twin - ring, 200µm mesh"
263,GC061705WBWB-72,2005-06-17T00:00:00Z,42.8634,-69.8618,258,258,EPSG:4326,"Mesh net cast: 0.75 meter diameter single ring or a SEA - GEAR Model 9600 twin - ring, 200µm mesh"
255,GC071205WBWB-71,2005-07-15T00:00:00Z,42.8634,-69.8618,250,250,EPSG:4326,"Mesh net cast: 0.75 meter diameter single ring or a SEA - GEAR Model 9600 twin - ring, 200µm mesh"
255,GC071205WBWB-72,2005-07-15T00:00:00Z,42.8634,-69.8618,250,250,EPSG:4326,"Mesh net cast: 0.75 meter diameter single ring or a SEA - GEAR Model 9600 twin - ring, 200µm mesh"
258,GC081605WBWB-71,2005-08-16T00:00:00Z,42.8634,-69.8618,253,253,EPSG:4326,"Mesh net cast: 0.75 meter diameter single ring or a SEA - GEAR Model 9600 twin - ring, 200µm mesh"
258,GC081605WBWB-72,2005-08-16T00:00:00Z,42.8634,-69.8618,253,253,EPSG:4326,"Mesh net cast: 0.75 meter diameter single ring or a SEA - GEAR Model 9600 twin - ring, 200µm mesh"
260,GC091305WBWB-71,2005-09-13T00:00:00Z,42.8634,-69.8618,255,255,EPSG:4326,"Mesh net cast: 0.75 meter diameter single ring or a SEA - GEAR Model 9600 twin - ring, 200µm mesh"
260,GC091305WBWB-72,2005-09-13T00:00:00Z,42.8634,-69.8618,255,255,EPSG:4326,"Mesh net cast: 0.75 meter diameter single ring or a SEA - GEAR Model 9600 twin - ring, 200µm mesh"
256,GC102005WBWB-71,2005-10-20T00:00:00Z,42.8612,-69.8604,251,251,EPSG:4326,"Mesh net cast: 0.75 meter diameter single ring or a SEA - GEAR Model 9600 twin - ring, 200µm mesh"
256,GC102005WBWB-72,2005-10-20T00:00:00Z,42.8612,-69.8604,251,251,EPSG:4326,"Mesh net cast: 0.75 meter diameter single ring or a SEA - GEAR Model 9600 twin - ring, 200µm mesh"
256,GC020906HFWB-71,2006-02-09T00:00:00Z,42.8646,-69.8632,251,251,EPSG:4326,"Mesh net cast: 0.75 meter diameter single ring or a SEA - GEAR Model 9600 twin - ring, 200µm mesh"
256,GC020906HFWB-72,2006-02-09T00:00:00Z,42.8646,-69.8632,251,251,EPSG:4326,"Mesh net cast: 0.75 meter diameter single ring or a SEA - GEAR Model 9600 twin - ring, 200µm mesh"
257,GC032206WBWB-71,2006-03-22T00:00:00Z,42.8626,-69.8621,252,252,EPSG:4326,"Mesh net cast: 0.75 meter diameter single ring or a SEA - GEAR Model 9600 twin - ring, 200µm mesh"
252,GC050806WBWB-71,2006-05-08T00:00:00Z,42.8621,-69.8623,247,247,EPSG:4326,"Mesh net cast: 0.75 meter diameter single ring or a SEA - GEAR Model 9600 twin - ring, 200µm mesh"
252,GC050806WBWB-72,2006-05-08T00:00:00Z,42.8621,-69.8623,247,247,EPSG:4326,"Mesh net cast: 0.75 meter diameter single ring or a SEA - GEAR Model 9600 twin - ring, 200µm mesh"
256,GC060606HFWB-71,2006-06-06T00:00:00Z,42.8634,-69.8618,251,251,EPSG:4326,"Mesh net cast: 0.75 meter diameter single ring or a SEA - GEAR Model 9600 twin - ring, 200µm mesh"
256,GC060606HFWB-72,2006-06-06T00:00:00Z,42.8634,-69.8618,251,251,EPSG:4326,"Mesh net cast: 0.75 meter diameter single ring or a SEA - GEAR Model 9600 twin - ring, 200µm mesh"
257,GC062606WBWB-71,2006-06-26T00:00:00Z,42.8634,-69.8618,252,252,EPSG:4326,"Mesh net cast: 0.75 meter diameter single ring or a SEA - GEAR Model 9600 twin - ring, 200µm mesh"
257,GC062606WBWB-72,2006-06-26T00:00:00Z,42.8634,-69.8618,252,252,EPSG:4326,"Mesh net cast: 0.75 meter diameter single ring or a SEA - GEAR Model 9600 twin - ring, 200µm mesh"
257,GC071806WBWB-71,2006-07-18T00:00:00Z,42.8634,-69.8618,252,252,EPSG:4326,"Mesh net cast: 0.75 meter diameter single ring or a SEA - GEAR Model 9600 twin - ring, 200µm mesh"
257,GC071806WBWB-72,2006-07-18T00:00:00Z,42.8634,-69.8618,252,252,EPSG:4326,"Mesh net cast: 0.75 meter diameter single ring or a SEA - GEAR Model 9600 twin - ring, 200µm mesh"
257,GC080306HFWB-71,2006-08-03T00:00:00Z,42.8634,-69.8618,252,252,EPSG:4326,"Mesh net cast: 0.75 meter diameter single ring or a SEA - GEAR Model 9600 twin - ring, 200µm mesh"
257,GC080306HFWB-72,2006-08-03T00:00:00Z,42.8634,-69.8618,252,252,EPSG:4326,"Mesh net cast: 0.75 meter diameter single ring or a SEA - GEAR Model 9600 twin - ring, 200µm mesh"
257,GC083106HFWB-71,2006-08-31T00:00:00Z,42.8634,-69.8618,252,252,EPSG:4326,"Mesh net cast: 0.75 meter diameter single ring or a SEA - GEAR Model 9600 twin - ring, 200µm mesh"
257,GC083106HFWB-72,2006-08-31T00:00:00Z,42.8634,-69.8618,252,252,EPSG:4326,"Mesh net cast: 0.75 meter diameter single ring or a SEA - GEAR Model 9600 twin - ring, 200µm mesh"
260,GC091406WBWB-71,2006-09-14T00:00:00Z,42.8634,-69.8618,255,255,EPSG:4326,"Mesh net cast: 0.75 meter diameter single ring or a SEA - GEAR Model 9600 twin - ring, 200µm mesh"
260,GC091406WBWB-72,2006-09-14T00:00:00Z,42.8634,-69.8618,255,255,EPSG:4326,"Mesh net cast: 0.75 meter diameter single ring or a SEA - GEAR Model 9600 twin - ring, 200µm mesh"
258,GC100906WBWB-71,2006-10-09T00:00:00Z,42.862,-69.8666,253,253,EPSG:4326,"Mesh net cast: 0.75 meter diameter single ring or a SEA - GEAR Model 9600 twin - ring, 200µm mesh"
258,GC100906WBWB-72,2006-10-09T00:00:00Z,42.862,-69.8666,253,253,EPSG:4326,"Mesh net cast: 0.75 meter diameter single ring or a SEA - GEAR Model 9600 twin - ring, 200µm mesh"
257,GC101606WBWB-71,2006-10-16T00:00:00Z,42.8612,-69.8604,252,252,EPSG:4326,"Mesh net cast: 0.75 meter diameter single ring or a SEA - GEAR Model 9600 twin - ring, 200µm mesh"
253,GC121206WBWB-71,2006-12-12T00:00:00Z,42.8603,-69.8512,248,248,EPSG:4326,"Mesh net cast: 0.75 meter diameter single ring or a SEA - GEAR Model 9600 twin - ring, 200µm mesh"
253,GC121206WBWB-72,2006-12-12T00:00:00Z,42.8603,-69.8512,248,248,EPSG:4326,"Mesh net cast: 0.75 meter diameter single ring or a SEA - GEAR Model 9600 twin - ring, 200µm mesh"
255,GC022207WBWB-71,2007-02-22T00:00:00Z,42.8611,-69.8627,250,250,EPSG:4326,"Mesh net cast: 0.75 meter diameter single ring or a SEA - GEAR Model 9600 twin - ring, 200µm mesh"
255,GC022207WBWB-72,2007-02-22T00:00:00Z,42.8611,-69.8627,250,250,EPSG:4326,"Mesh net cast: 0.75 meter diameter single ring or a SEA - GEAR Model 9600 twin - ring, 200µm mesh"
259,GC030107HFWB-71,2007-03-01T00:00:00Z,42.8626,-69.8621,254,254,EPSG:4326,"Mesh net cast: 0.75 meter diameter single ring or a SEA - GEAR Model 9600 twin - ring, 200µm mesh"
260,GC041007WBWB-71,2007-04-10T00:00:00Z,42.8621,-69.8623,255,255,EPSG:4326,"Mesh net cast: 0.75 meter diameter single ring or a SEA - GEAR Model 9600 twin - ring, 200µm mesh"
260,GC041007WBWB-72,2007-04-10T00:00:00Z,42.8621,-69.8623,255,255,EPSG:4326,"Mesh net cast: 0.75 meter diameter single ring or a SEA - GEAR Model 9600 twin - ring, 200µm mesh"
262,GC042607WBWB-71,2007-04-26T00:00:00Z,42.8621,-69.8623,257,257,EPSG:4326,"Mesh net cast: 0.75 meter diameter single ring or a SEA - GEAR Model 9600 twin - ring, 200µm mesh"
250,GC052307WBWB-71,2007-05-23T00:00:00Z,42.8738,-69.8822,245,245,EPSG:4326,"Mesh net cast: 0.75 meter diameter single ring or a SEA - GEAR Model 9600 twin - ring, 200µm mesh"
250,GC052307WBWB-72,2007-05-23T00:00:00Z,42.8738,-69.8822,245,245,EPSG:4326,"Mesh net cast: 0.75 meter diameter single ring or a SEA - GEAR Model 9600 twin - ring, 200µm mesh"
262,GC061807WBWB-71,2007-06-18T00:00:00Z,42.8634,-69.8618,257,257,EPSG:4326,"Mesh net cast: 0.75 meter diameter single ring or a SEA - GEAR Model 9600 twin - ring, 200µm mesh"
257,GC071707WBWB-71,2007-07-17T00:00:00Z,42.8633,-69.8618,252,252,EPSG:4326,"Mesh net cast: 0.75 meter diameter single ring or a SEA - GEAR Model 9600 twin - ring, 200µm mesh"
257,GC071707WBWB-72,2007-07-17T00:00:00Z,42.8633,-69.8618,252,252,EPSG:4326,"Mesh net cast: 0.75 meter diameter single ring or a SEA - GEAR Model 9600 twin - ring, 200µm mesh"
260,GC082007WBWB-71,2007-08-20T00:00:00Z,42.8634,-69.8618,255,255,EPSG:4326,"Mesh net cast: 0.75 meter diameter single ring or a SEA - GEAR Model 9600 twin - ring, 200µm mesh"
250,GC091107WBWB-71,2007-09-11T00:00:00Z,42.8634,-69.8618,245,245,EPSG:4326,"Mesh net cast: 0.75 meter diameter single ring or a SEA - GEAR Model 9600 twin - ring, 200µm mesh"
250,GC091107WBWB-72,2007-09-11T00:00:00Z,42.8634,-69.8618,245,245,EPSG:4326,"Mesh net cast: 0.75 meter diameter single ring or a SEA - GEAR Model 9600 twin - ring, 200µm mesh"
258,GC011708WBWB-71,2008-01-17T00:00:00Z,42.8646,-69.8632,253,253,EPSG:4326,"Mesh net cast: 0.75 meter diameter single ring or a SEA - GEAR Model 9600 twin - ring, 200µm mesh"
258,GC011708WBWB-72,2008-01-17T00:00:00Z,42.8646,-69.8632,254,254,EPSG:4326,"Mesh net cast: 0.75 meter diameter single ring or a SEA - GEAR Model 9600 twin - ring, 200µm mesh"
250,GC041608CTWB-71,2008-04-16T00:00:00Z,42.8634,-69.8618,245,245,EPSG:4326,"Mesh net cast: 0.75 meter diameter single ring or a SEA - GEAR Model 9600 twin - ring, 200µm mesh"
250,GC041708WBWB-71,2008-04-17T00:00:00Z,42.8646,-69.8632,255,255,EPSG:4326,"Mesh net cast: 0.75 meter diameter single ring or a SEA - GEAR Model 9600 twin - ring, 200µm mesh"
250,GC041708WBWB-72,2008-04-17T00:00:00Z,42.8646,-69.8632,255,255,EPSG:4326,"Mesh net cast: 0.75 meter diameter single ring or a SEA - GEAR Model 9600 twin - ring, 200µm mesh"
260,GC060908WBWB-71,2008-06-09T00:00:00Z,42.8634,-69.8618,255,255,EPSG:4326,"Mesh net cast: 0.75 meter diameter single ring or a SEA - GEAR Model 9600 twin - ring, 200µm mesh"
260,GC060908WBWB-72,2008-06-09T00:00:00Z,42.8634,-69.8618,255,255,EPSG:4326,"Mesh net cast: 0.75 meter diameter single ring or a SEA - GEAR Model 9600 twin - ring, 200µm mesh"
250,GC071108WBWB-71,2008-07-11T00:00:00Z,42.8634,-69.8618,245,245,EPSG:4326,"Mesh net cast: 0.75 meter diameter single ring or a SEA - GEAR Model 9600 twin - ring, 200µm mesh"
250,GC071108WBWB-72,2008-07-11T00:00:00Z,42.8634,-69.8618,245,245,EPSG:4326,"Mesh net cast: 0.75 meter diameter single ring or a SEA - GEAR Model 9600 twin - ring, 200µm mesh"
260,GC082007WBWB-72,2008-08-20T00:00:00Z,42.8617,69.8633,255,255,EPSG:4326,"Mesh net cast: 0.75 meter diameter single ring or a SEA - GEAR Model 9600 twin - ring, 200µm mesh"
238,GC071610DMRWB-71,2010-07-16T00:00:00Z,42.8914,-69.8699,233,233,EPSG:4326,"Mesh net cast: 0.75 meter diameter single ring or a SEA - GEAR Model 9600 twin - ring, 200µm mesh"
238,GC071610DMRWB-72,2010-07-16T00:00:00Z,42.8914,-69.8699,233,233,EPSG:4326,"Mesh net cast: 0.75 meter diameter single ring or a SEA - GEAR Model 9600 twin - ring, 200µm mesh"
238,GC071610DMRWB-73,2010-07-16T00:00:00Z,42.8914,-69.8699,233,233,EPSG:4326,"Mesh net cast: 0.75 meter diameter single ring or a SEA - GEAR Model 9600 twin - ring, 200µm mesh"
238,GC071610DMRWB-74,2010-07-16T00:00:00Z,42.8914,-69.8699,233,233,EPSG:4326,"Mesh net cast: 0.75 meter diameter single ring or a SEA - GEAR Model 9600 twin - ring, 200µm mesh"
238,GC071610DMRWB-75,2010-07-16T00:00:00Z,42.8914,-69.8699,233,233,EPSG:4326,"Mesh net cast: 0.75 meter diameter single ring or a SEA - GEAR Model 9600 twin - ring, 200µm mesh"
238,GC071610DMRWB-76,2010-07-16T00:00:00Z,42.8914,-69.8699,233,233,EPSG:4326,"Mesh net cast: 0.75 meter diameter single ring or a SEA - GEAR Model 9600 twin - ring, 200µm mesh"
238,GC071610DMRWB-77,2010-07-16T00:00:00Z,42.8914,-69.8699,233,233,EPSG:4326,"Mesh net cast: 0.75 meter diameter single ring or a SEA - GEAR Model 9600 twin - ring, 200µm mesh"
238,GC071610DMRWB-78,2010-07-16T00:00:00Z,42.8914,-69.8699,233,233,EPSG:4326,"Mesh net cast: 0.75 meter diameter single ring or a SEA - GEAR Model 9600 twin - ring, 200µm mesh"
261,GC040612WB-7-1a,2012-04-06T12:00:00Z,42.8567,-69.859,256,256,EPSG:4326,"Mesh net cast: 0.75 meter diameter single ring or a SEA - GEAR Model 9600 twin - ring, 200µm mesh"
261,GC040612WB-7-1b,2012-04-06T12:00:00Z,42.8567,-69.859,256,256,EPSG:4326,"Mesh net cast: 0.75 meter diameter single ring or a SEA - GEAR Model 9600 twin - ring, 200µm mesh"
259,GC052412WB-7-1A,2012-05-24T11:58:00Z,42.8659,-69.8635,255,255,EPSG:4326,"Mesh net cast: 0.75 meter diameter single ring or a SEA - GEAR Model 9600 twin - ring, 200µm mesh"
259,GC052412WB-7-1b,2012-05-24T11:58:00Z,42.8659,-69.8635,255,255,EPSG:4326,"Mesh net cast: 0.75 meter diameter single ring or a SEA - GEAR Model 9600 twin - ring, 200µm mesh"
259,GC052412WB-7-2A,2012-05-24T11:58:00Z,42.8659,-69.8635,255,255,EPSG:4326,"Mesh net cast: 0.75 meter diameter single ring or a SEA - GEAR Model 9600 twin - ring, 200µm mesh"
259,GC052412WB-7-2b,2012-05-24T11:58:00Z,42.8659,-69.8635,255,255,EPSG:4326,"Mesh net cast: 0.75 meter diameter single ring or a SEA - GEAR Model 9600 twin - ring, 200µm mesh"
258,GC061112WB-7-1a,2012-06-11T13:14:00Z,42.8618,-69.8619,253,253,EPSG:4326,"Mesh net cast: 0.75 meter diameter single ring or a SEA - GEAR Model 9600 twin - ring, 200µm mesh"
258,GC061112WB-7-1b,2012-06-11T13:14:00Z,42.8618,-69.8619,253,253,EPSG:4326,"Mesh net cast: 0.75 meter diameter single ring or a SEA - GEAR Model 9600 twin - ring, 200µm mesh"
258,GC061112WB-7-2a,2012-06-11T13:14:00Z,42.8618,-69.8619,253,253,EPSG:4326,"Mesh net cast: 0.75 meter diameter single ring or a SEA - GEAR Model 9600 twin - ring, 200µm mesh"
258,GC061112WB-7-2b,2012-06-11T13:14:00Z,42.8618,-69.8619,253,253,EPSG:4326,"Mesh net cast: 0.75 meter diameter single ring or a SEA - GEAR Model 9600 twin - ring, 200µm mesh"
260,GC061812WB-7-1a,2012-06-18T12:35:00Z,42.862,-69.863,253,253,EPSG:4326,"Mesh net cast: 0.75 meter diameter single ring or a SEA - GEAR Model 9600 twin - ring, 200µm mesh"
260,GC061812WB-7-1b,2012-06-18T12:35:00Z,42.862,-69.863,253,253,EPSG:4326,"Mesh net cast: 0.75 meter diameter single ring or a SEA - GEAR Model 9600 twin - ring, 200µm mesh"
260,GC070312WB-7-1a,2012-07-03T12:00:00Z,42.8631,-69.8602,254,254,EPSG:4326,"Mesh net cast: 0.75 meter diameter single ring or a SEA - GEAR Model 9600 twin - ring, 200µm mesh"
260,GC070312WB-7-1b,2012-07-03T12:00:00Z,42.8631,-69.8602,254,254,EPSG:4326,"Mesh net cast: 0.75 meter diameter single ring or a SEA - GEAR Model 9600 twin - ring, 200µm mesh"
260,GC070312WB-7-2b,2012-07-03T12:00:00Z,42.8631,-69.8602,254,254,EPSG:4326,"Mesh net cast: 0.75 meter diameter single ring or a SEA - GEAR Model 9600 twin - ring, 200µm mesh"
259,GC071812WB-7-1a,2012-07-18T12:30:00Z,42.861,-69.8573,254,254,EPSG:4326,"Mesh net cast: 0.75 meter diameter single ring or a SEA - GEAR Model 9600 twin - ring, 200µm mesh"
259,GC071812WB-7-1b,2012-07-18T12:30:00Z,42.861,-69.8573,254,254,EPSG:4326,"Mesh net cast: 0.75 meter diameter single ring or a SEA - GEAR Model 9600 twin - ring, 200µm mesh"
259,GC071812WB-7-2a,2012-07-18T12:30:00Z,42.861,-69.8573,254,254,EPSG:4326,"Mesh net cast: 0.75 meter diameter single ring or a SEA - GEAR Model 9600 twin - ring, 200µm mesh"
258,GC080712WB-7-1a,2012-08-07T11:55:00Z,42.8616,-69.8614,249,249,EPSG:4326,"Mesh net cast: 0.75 meter diameter single ring or a SEA - GEAR Model 9600 twin - ring, 200µm mesh"
258,GC080712WB-7-1b,2012-08-07T11:55:00Z,42.8616,-69.8614,249,249,EPSG:4326,"Mesh net cast: 0.75 meter diameter single ring or a SEA - GEAR Model 9600 twin - ring, 200µm mesh"
258,GC080712WB-7-2a,2012-08-07T11:55:00Z,42.8616,-69.8614,248,248,EPSG:4326,"Mesh net cast: 0.75 meter diameter single ring or a SEA - GEAR Model 9600 twin - ring, 200µm mesh"
256,GC082712WB-7-1a,2012-08-27T10:36:00Z,42.8573,-69.864,251,251,EPSG:4326,"Mesh net cast: 0.75 meter diameter single ring or a SEA - GEAR Model 9600 twin - ring, 200µm mesh"
256,GC082712WB-7-1b,2012-08-27T10:36:00Z,42.8573,-69.864,251,251,EPSG:4326,"Mesh net cast: 0.75 meter diameter single ring or a SEA - GEAR Model 9600 twin - ring, 200µm mesh"
256,GC082712WB-7-2a,2012-08-27T10:36:00Z,42.8573,-69.864,251,251,EPSG:4326,"Mesh net cast: 0.75 meter diameter single ring or a SEA - GEAR Model 9600 twin - ring, 200µm mesh"
257,GC091412WB-7-1a,2012-09-14T13:20:00Z,42.85,-69.85,252,252,EPSG:4326,"Mesh net cast: 0.75 meter diameter single ring or a SEA - GEAR Model 9600 twin - ring, 200µm mesh"
257,GC091412WB-7-1b,2012-09-14T13:20:00Z,42.85,-69.85,252,252,EPSG:4326,"Mesh net cast: 0.75 meter diameter single ring or a SEA - GEAR Model 9600 twin - ring, 200µm mesh"
257,GC091412WB-7-2a,2012-09-14T13:20:00Z,42.85,-69.85,252,252,EPSG:4326,"Mesh net cast: 0.75 meter diameter single ring or a SEA - GEAR Model 9600 twin - ring, 200µm mesh"
255,GC102412WB-7-1a,2012-10-24T12:44:00Z,42.8578,-69.863,250,250,EPSG:4326,"Mesh net cast: 0.75 meter diameter single ring or a SEA - GEAR Model 9600 twin - ring, 200µm mesh"
255,GC102412WB-7-2a,2012-10-24T12:44:00Z,42.8578,-69.863,250,250,EPSG:4326,"Mesh net cast: 0.75 meter diameter single ring or a SEA - GEAR Model 9600 twin - ring, 200µm mesh"
254,GC110612WB-7-1a,2012-11-06T12:05:00Z,42.8591,-69.8657,249,249,EPSG:4326,"Mesh net cast: 0.75 meter diameter single ring or a SEA - GEAR Model 9600 twin - ring, 200µm mesh"
254,GC110612WB-7-1B,2012-11-06T12:05:00Z,42.8591,-69.8657,249,249,EPSG:4326,"Mesh net cast: 0.75 meter diameter single ring or a SEA - GEAR Model 9600 twin - ring, 200µm mesh"
254,GC110612WB-7-2b,2012-11-06T12:05:00Z,42.8591,-69.8657,249,249,EPSG:4326,"Mesh net cast: 0.75 meter diameter single ring or a SEA - GEAR Model 9600 twin - ring, 200µm mesh"
256,GC111912WB-7-1a,2012-11-19T11:30:00Z,42.8629,-69.53,250,250,EPSG:4326,"Mesh net cast: 0.75 meter diameter single ring or a SEA - GEAR Model 9600 twin - ring, 200µm mesh"
256,GC111912WB-7-1b,2012-11-19T11:30:00Z,42.8629,-69.53,250,250,EPSG:4326,"Mesh net cast: 0.75 meter diameter single ring or a SEA - GEAR Model 9600 twin - ring, 200µm mesh"
256,GC111912WB-7-2b,2012-11-19T11:30:00Z,42.8629,-69.53,250,250,EPSG:4326,"Mesh net cast: 0.75 meter diameter single ring or a SEA - GEAR Model 9600 twin - ring, 200µm mesh"
260,GC010313WB-7-1a,2013-01-03T11:55:00Z,42.8607,-69.861,255,255,EPSG:4326,"Mesh net cast: 0.75 meter diameter single ring or a SEA - GEAR Model 9600 twin - ring, 200µm mesh"
260,GC010313WB-7-1b,2013-01-03T11:55:00Z,42.8607,-69.861,255,255,EPSG:4326,"Mesh net cast: 0.75 meter diameter single ring or a SEA - GEAR Model 9600 twin - ring, 200µm mesh"
258,GC010313WB-7-2b,2013-01-03T11:55:00Z,42.8607,-69.861,253,253,EPSG:4326,"Mesh net cast: 0.75 meter diameter single ring or a SEA - GEAR Model 9600 twin - ring, 200µm mesh"
259,GC012813WB-7-1a,2013-01-28T12:34:00Z,42.8613,-69.8608,254,254,EPSG:4326,"Mesh net cast: 0.75 meter diameter single ring or a SEA - GEAR Model 9600 twin - ring, 200µm mesh"
259,GC012813WB-7-1b,2013-01-28T12:34:00Z,42.8613,-69.8608,254,254,EPSG:4326,"Mesh net cast: 0.75 meter diameter single ring or a SEA - GEAR Model 9600 twin - ring, 200µm mesh"
258,GC012813WB-7-2a,2013-01-28T12:34:00Z,42.8613,-69.8608,253,253,EPSG:4326,"Mesh net cast: 0.75 meter diameter single ring or a SEA - GEAR Model 9600 twin - ring, 200µm mesh"
258,GC012813WB-7-2b,2013-01-28T12:34:00Z,42.8613,-69.8608,253,253,EPSG:4326,"Mesh net cast: 0.75 meter diameter single ring or a SEA - GEAR Model 9600 twin - ring, 200µm mesh"
253,GC031813WB-7-1a,2013-03-18T12:41:00Z,42.8612,-69.8671,248,248,EPSG:4326,"Mesh net cast: 0.75 meter diameter single ring or a SEA - GEAR Model 9600 twin - ring, 200µm mesh"
253,GC031813WB-7-1b,2013-03-18T13:41:00Z,42.8612,-69.8671,248,248,EPSG:4326,"Mesh net cast: 0.75 meter diameter single ring or a SEA - GEAR Model 9600 twin - ring, 200µm mesh"
254,GC031813WB-7-2b,2013-03-18T15:41:00Z,42.8612,-69.8671,249,249,EPSG:4326,"Mesh net cast: 0.75 meter diameter single ring or a SEA - GEAR Model 9600 twin - ring, 200µm mesh"
261,GC041513WB-7-1a,2013-04-15T13:00:00Z,42.8618,-69.8494,256,256,EPSG:4326,"Mesh net cast: 0.75 meter diameter single ring or a SEA - GEAR Model 9600 twin - ring, 200µm mesh"
261,GC041513WB-7-1b,2013-04-15T13:00:00Z,42.8618,-69.8494,256,256,EPSG:4326,"Mesh net cast: 0.75 meter diameter single ring or a SEA - GEAR Model 9600 twin - ring, 200µm mesh"
264,GC041513WB-7-2a,2013-04-15T13:30:00Z,42.8618,-69.8494,259,259,EPSG:4326,"Mesh net cast: 0.75 meter diameter single ring or a SEA - GEAR Model 9600 twin - ring, 200µm mesh"
264,GC041513WB-7-2b,2013-04-15T13:30:00Z,42.8618,-69.8494,259,259,EPSG:4326,"Mesh net cast: 0.75 meter diameter single ring or a SEA - GEAR Model 9600 twin - ring, 200µm mesh"
253,GC052113WB-7-1a,2013-05-21T00:00:00Z,42.8618,-69.8494,248,248,EPSG:4326,"Mesh net cast: 0.75 meter diameter single ring or a SEA - GEAR Model 9600 twin - ring, 200µm mesh"
253,GC052113WB-7-1b,2013-05-21T00:00:00Z,42.8618,-69.8494,248,248,EPSG:4326,"Mesh net cast: 0.75 meter diameter single ring or a SEA - GEAR Model 9600 twin - ring, 200µm mesh"
252,GC052113WB-7-2a,2013-05-21T00:00:00Z,42.8618,-69.8494,247,247,EPSG:4326,"Mesh net cast: 0.75 meter diameter single ring or a SEA - GEAR Model 9600 twin - ring, 200µm mesh"
252,GC052113WB-7-2b,2013-05-21T00:00:00Z,42.8618,-69.8494,247,247,EPSG:4326,"Mesh net cast: 0.75 meter diameter single ring or a SEA - GEAR Model 9600 twin - ring, 200µm mesh"
258,GC021214WB-7-1A,2014-02-12T13:30:00Z,42.8588,-69.8636,250,250,EPSG:4326,"Mesh net cast: 0.75 meter diameter single ring or a SEA - GEAR Model 9600 twin - ring, 200µm mesh"
258,GC021214WB-7-1B,2014-02-12T13:30:00Z,42.8588,-69.8636,250,250,EPSG:4326,"Mesh net cast: 0.75 meter diameter single ring or a SEA - GEAR Model 9600 twin - ring, 200µm mesh"
258,GC021214WB-7-2A,2014-02-12T13:30:00Z,42.8588,-69.8636,255,255,EPSG:4326,"Mesh net cast: 0.75 meter diameter single ring or a SEA - GEAR Model 9600 twin - ring, 200µm mesh"
258,GC04212014WB-7-1a,2014-04-21T00:00:00Z,42.8618,-69.8494,253,253,EPSG:4326,"Mesh net cast: 0.75 meter diameter single ring or a SEA - GEAR Model 9600 twin - ring, 200µm mesh"
258,GC04212014WB-7-1b,2014-04-21T00:00:00Z,42.8618,-69.8494,253,253,EPSG:4326,"Mesh net cast: 0.75 meter diameter single ring or a SEA - GEAR Model 9600 twin - ring, 200µm mesh"
260,GC04212014WB-7-2a,2014-04-21T00:00:00Z,42.8618,-69.8494,255,255,EPSG:4326,"Mesh net cast: 0.75 meter diameter single ring or a SEA - GEAR Model 9600 twin - ring, 200µm mesh"
260,GC04212014WB-7-2b,2014-04-21T00:00:00Z,42.8618,-69.8494,255,255,EPSG:4326,"Mesh net cast: 0.75 meter diameter single ring or a SEA - GEAR Model 9600 twin - ring, 200µm mesh"
253,BT_2014WB-7-2,2014-07-17T11:24:00Z,42.8592,-69.8681,248,248,EPSG:4326,"Mesh net cast: 0.75 meter diameter single ring or a SEA - GEAR Model 9600 twin - ring, 200µm mesh"
255,BT_2014WB-7-1,2014-07-17T11:07:00Z,42.86,-69.8656,250,250,EPSG:4326,"Mesh net cast: 0.75 meter diameter single ring or a SEA - GEAR Model 9600 twin - ring, 200µm mesh"
259,GC03252015WB-7-1a,2015-03-25T11:45:00Z,42.8616,-69.864,255,255,EPSG:4326,"Mesh net cast: 0.75 meter diameter single ring or a SEA - GEAR Model 9600 twin - ring, 200µm mesh"
259,GC03252015WB-7-1b,2015-03-25T11:45:00Z,42.8616,-69.864,255,255,EPSG:4326,"Mesh net cast: 0.75 meter diameter single ring or a SEA - GEAR Model 9600 twin - ring, 200µm mesh"
258,GC03252015WB-7-2a,2015-03-25T11:45:00Z,42.8616,-69.864,254,254,EPSG:4326,"Mesh net cast: 0.75 meter diameter single ring or a SEA - GEAR Model 9600 twin - ring, 200µm mesh"
258,GC03252015WB-7-2b,2015-03-25T11:45:00Z,42.8616,-69.864,254,254,EPSG:4326,"Mesh net cast: 0.75 meter diameter single ring or a SEA - GEAR Model 9600 twin - ring, 200µm mesh"
260,GC06052015WB-7-1a,2015-06-05T12:25:00Z,42.8616,-69.8604,255,255,EPSG:4326,"Mesh net cast: 0.75 meter diameter single ring or a SEA - GEAR Model 9600 twin - ring, 200µm mesh"
260,GC06052015WB-7-1b,2015-06-05T12:25:00Z,42.8616,-69.8604,255,255,EPSG:4326,"Mesh net cast: 0.75 meter diameter single ring or a SEA - GEAR Model 9600 twin - ring, 200µm mesh"
266,GC06052015WB-7-2a,2015-06-05T13:00:00Z,42.8616,-69.8604,261,261,EPSG:4326,"Mesh net cast: 0.75 meter diameter single ring or a SEA - GEAR Model 9600 twin - ring, 200µm mesh"
227,BT1507062015WB-7-2,2015-07-06T11:25:00Z,42.9554,-69.8751,222,222,EPSG:4326,"Mesh net cast: 0.75 meter diameter single ring or a SEA - GEAR Model 9600 twin - ring, 200µm mesh"
258,GC08262015WB-7-1,2015-08-26T00:00:00Z,42.8637,-69.8615,253,253,EPSG:4326,"Mesh net cast: 0.75 meter diameter single ring or a SEA - GEAR Model 9600 twin - ring, 200µm mesh"
256,GC10072015WB-7-1,2015-10-07T11:35:00Z,42.8599,-69.8622,251,251,EPSG:4326,"Mesh net cast: 0.75 meter diameter single ring or a SEA - GEAR Model 9600 twin - ring, 200µm mesh"
257,GC10072015WB-7-2,2015-10-07T12:35:00Z,42.8599,-69.8622,252,252,EPSG:4326,"Mesh net cast: 0.75 meter diameter single ring or a SEA - GEAR Model 9600 twin - ring, 200µm mesh"
254,GC11182015WB-7-1,2015-11-18T12:30:00Z,42.8616,-69.8618,249,249,EPSG:4326,"Mesh net cast: 0.75 meter diameter single ring or a SEA - GEAR Model 9600 twin - ring, 200µm mesh"
253,GC11182015WB-7-2,2015-11-18T12:45:00Z,42.8616,-69.8618,248,248,EPSG:4326,"Mesh net cast: 0.75 meter diameter single ring or a SEA - GEAR Model 9600 twin - ring, 200µm mesh"
260,GC01252016WB-7-1,2016-01-25T14:26:00Z,42.8618,-69.8494,255,255,EPSG:4326,"Mesh net cast: 0.75 meter diameter single ring or a SEA - GEAR Model 9600 twin - ring, 200µm mesh"
260,GC03082016WB-7-1,2016-03-08T13:05:00Z,42.8618,-69.8494,255,255,EPSG:4326,"Mesh net cast: 0.75 meter diameter single ring or a SEA - GEAR Model 9600 twin - ring, 200µm mesh"
258,GC03082016WB-7-2,2016-03-08T13:20:00Z,42.8618,-69.8494,253,253,EPSG:4326,"Mesh net cast: 0.75 meter diameter single ring or a SEA - GEAR Model 9600 twin - ring, 200µm mesh"
259,GC03302016WB-7-1,2016-03-30T12:00:00Z,42.8614,-69.8611,254,254,EPSG:4326,"Mesh net cast: 0.75 meter diameter single ring or a SEA - GEAR Model 9600 twin - ring, 200µm mesh"
260,GC03302016WB-7-2,2016-03-30T12:30:00Z,42.8614,-69.8611,255,255,EPSG:4326,"Mesh net cast: 0.75 meter diameter single ring or a SEA - GEAR Model 9600 twin - ring, 200µm mesh"
259,GC04212016WB-7-1,2016-04-21T12:45:00Z,42.8627,-69.8626,254,254,EPSG:4326,"Mesh net cast: 0.75 meter diameter single ring or a SEA - GEAR Model 9600 twin - ring, 200µm mesh"
260,GC04212016WB-7-2,2016-04-21T13:00:00Z,42.8627,-69.8626,255,255,EPSG:4326,"Mesh net cast: 0.75 meter diameter single ring or a SEA - GEAR Model 9600 twin - ring, 200µm mesh"
259,GC05112016WB-7-1,2016-05-11T11:45:00Z,42.8651,-69.8609,254,254,EPSG:4326,"Mesh net cast: 0.75 meter diameter single ring or a SEA - GEAR Model 9600 twin - ring, 200µm mesh"
259,GC05112016WB-7-2,2016-05-11T12:05:00Z,42.8651,-69.8609,254,254,EPSG:4326,"Mesh net cast: 0.75 meter diameter single ring or a SEA - GEAR Model 9600 twin - ring, 200µm mesh"
259,GC06152016WB-7-1,2016-06-15T12:45:00Z,42.861,-69.8609,254,254,EPSG:4326,"Mesh net cast: 0.75 meter diameter single ring or a SEA - GEAR Model 9600 twin - ring, 200µm mesh"
259,GC06152016WB-7-2,2016-06-15T12:45:00Z,42.861,-69.8609,254,254,EPSG:4326,"Mesh net cast: 0.75 meter diameter single ring or a SEA - GEAR Model 9600 twin - ring, 200µm mesh"
230,BT1607052016WB-7-1,2016-07-05T11:15:00Z,42.9568,-69.8779,225,225,EPSG:4326,"Mesh net cast: 0.75 meter diameter single ring or a SEA - GEAR Model 9600 twin - ring, 200µm mesh"
230,BT1607052016WB-7-2,2016-07-05T11:30:00Z,42.9593,-69.8798,225,225,EPSG:4326,"Mesh net cast: 0.75 meter diameter single ring or a SEA - GEAR Model 9600 twin - ring, 200µm mesh"
258,GC07272016WB-7-1,2016-07-27T13:00:00Z,42.8619,-69.8571,253,253,EPSG:4326,"Mesh net cast: 0.75 meter diameter single ring or a SEA - GEAR Model 9600 twin - ring, 200µm mesh"
258,GC07272016WB-7-2,2016-07-27T14:00:00Z,42.8619,-69.8571,253,253,EPSG:4326,"Mesh net cast: 0.75 meter diameter single ring or a SEA - GEAR Model 9600 twin - ring, 200µm mesh"
255,WBTS10122016WB-7-1,2016-10-12T12:00:00Z,42.8627,69.8616,250,250,EPSG:4326,"Mesh net cast: 0.75 meter diameter single ring or a SEA - GEAR Model 9600 twin - ring, 200µm mesh"
257,WBTS10122016WB-7-2,2016-10-12T12:00:00Z,42.8627,69.8616,252,252,EPSG:4326,"Mesh net cast: 0.75 meter diameter single ring or a SEA - GEAR Model 9600 twin - ring, 200µm mesh"
260,WBTS01142017WB-7-1,2017-01-14T12:00:00Z,42.8617,69.8633,255,255,EPSG:4326,"Mesh net cast: 0.75 meter diameter single ring or a SEA - GEAR Model 9600 twin - ring, 200µm mesh"
260,WBTS01142017WB-7-2,2017-01-14T12:00:00Z,42.8617,69.8633,255,255,EPSG:4326,"Mesh net cast: 0.75 meter diameter single ring or a SEA - GEAR Model 9600 twin - ring, 200µm mesh"
258,WBTS03062017WB-7-1,2017-03-06T13:00:00Z,42.8617,69.8633,253,253,EPSG:4326,"Mesh net cast: 0.75 meter diameter single ring or a SEA - GEAR Model 9600 twin - ring, 200µm mesh"
257,WBTS03062017WB-7-2,2017-03-06T13:00:00Z,42.8617,69.8633,252,252,EPSG:4326,"Mesh net cast: 0.75 meter diameter single ring or a SEA - GEAR Model 9600 twin - ring, 200µm mesh"
259,WBTS04142017WB-7-1,2017-04-14T13:45:00Z,42.8613,-69.8613,254,254,EPSG:4326,"Mesh net cast: 0.75 meter diameter single ring or a SEA - GEAR Model 9600 twin - ring, 200µm mesh"
259,WBTS04142017WB-7-2,2017-04-14T13:40:00Z,42.8613,-69.8613,254,254,EPSG:4326,"Mesh net cast: 0.75 meter diameter single ring or a SEA - GEAR Model 9600 twin - ring, 200µm mesh"
260,WBTS05162017WB-7-1,2017-05-16T13:00:00Z,42.8617,69.8633,260,260,EPSG:4326,"Mesh net cast: 0.75 meter diameter single ring or a SEA - GEAR Model 9600 twin - ring, 200µm mesh"
259,WBTS05162017WB-7-2,2017-05-16T13:00:00Z,42.8617,69.8633,255,255,EPSG:4326,"Mesh net cast: 0.75 meter diameter single ring or a SEA - GEAR Model 9600 twin - ring, 200µm mesh"
259,WBTS06152017WB-7-1,2017-06-15T12:45:00Z,42.8617,69.8633,254,254,EPSG:4326,"Mesh net cast: 0.75 meter diameter single ring or a SEA - GEAR Model 9600 twin - ring, 200µm mesh"
260,WBTS06152017WB-7-2,2017-06-15T13:00:00Z,42.8617,69.8633,255,255,EPSG:4326,"Mesh net cast: 0.75 meter diameter single ring or a SEA - GEAR Model 9600 twin - ring, 200µm mesh"
259,WBTS07192017WB-7-1,2017-07-19T12:30:00Z,42.8617,69.8633,254,254,EPSG:4326,"Mesh net cast: 0.75 meter diameter single ring or a SEA - GEAR Model 9600 twin - ring, 200µm mesh"
259,WBTS07192017WB-7-2,2017-07-19T12:45:00Z,42.8617,69.8633,254,254,EPSG:4326,"Mesh net cast: 0.75 meter diameter single ring or a SEA - GEAR Model 9600 twin - ring, 200µm mesh"
