protocol,sheet
seagrass_density,sample_metadata
seagrass_density,sample_metadata
seagrass_density,sample_metadata
seagrass_density,sample_metadata
seagrass_density,sample_metadata
seagrass_density,sample_metadata
seagrass_density,sample_metadata
seagrass_density,sample_metadata
seagrass_density,sample_metadata
seagrass_density,sample_metadata
seagrass_density,cover_sample_data
seagrass_density,cover_sample_data
seagrass_density,cover_sample_data
seagrass_density,cover_sample_data
seagrass_density,cover_sample_data
seagrass_density,cover_sample_data
seagrass_density,cover_sample_data
seagrass_density,shoot_count_sample_data
seagrass_density,shoot_count_sample_data
seagrass_density,shoot_count_sample_data
seagrass_density,shoot_count_sample_data
seagrass_density,shoot_count_sample_data
seagrass_density,shoot_count_sample_data
seagrass_density,shoot_count_sample_data
seagrass_density,shoot_count_sample_data
seagrass_density,shoot_count_sample_data
seagrass_density,shoot_count_sample_data
seagrass_density,macro_invert_sample_data
seagrass_density,macro_invert_sample_data
seagrass_density,macro_invert_sample_data
seagrass_density,macro_invert_sample_data
seagrass_density,macro_invert_sample_data
seagrass_density,macro_invert_sample_data
seagrass_density,macro_invert_sample_data
seagrass_density,taxa_list
seagrass_density,taxa_list
seagrass_biomass,sample_metadata
seagrass_biomass,sample_metadata
seagrass_biomass,sample_metadata
seagrass_biomass,sample_metadata
seagrass_biomass,sample_metadata
seagrass_biomass,sample_metadata
seagrass_biomass,sample_metadata
seagrass_biomass,sample_metadata
seagrass_biomass,sample_metadata
seagrass_biomass,sample_metadata
seagrass_biomass,sample_metadata
seagrass_biomass,sample_data
seagrass_biomass,sample_data
seagrass_biomass,sample_data
seagrass_biomass,sample_data
seagrass_biomass,sample_data
seagrass_biomass,sample_data
seagrass_biomass,sample_data
seagrass_biomass,sample_data
seagrass_biomass,sample_data
seagrass_biomass,taxa_list
seagrass_biomass,taxa_list
seagrass_epifauna,sample_metadata
seagrass_epifauna,sample_metadata
seagrass_epifauna,sample_metadata
seagrass_epifauna,sample_metadata
seagrass_epifauna,sample_metadata
seagrass_epifauna,sample_metadata
seagrass_epifauna,sample_metadata
seagrass_epifauna,sample_metadata
seagrass_epifauna,sample_metadata
seagrass_epifauna,sample_metadata
seagrass_epifauna,sample_metadata
seagrass_epifauna,macrophyte_mass_data
seagrass_epifauna,macrophyte_mass_data
seagrass_epifauna,macrophyte_mass_data
seagrass_epifauna,macrophyte_mass_data
seagrass_epifauna,macrophyte_mass_data
seagrass_epifauna,macrophyte_mass_data
seagrass_epifauna,macrophyte_mass_data
seagrass_epifauna,macrophyte_mass_data
seagrass_epifauna,macrophyte_mass_data
seagrass_epifauna,sieve_data
seagrass_epifauna,sieve_data
seagrass_epifauna,sieve_data
seagrass_epifauna,sieve_data
seagrass_epifauna,sieve_data
seagrass_epifauna,sieve_data
seagrass_epifauna,sieve_data
seagrass_epifauna,sieve_data
seagrass_epifauna,sieve_data
seagrass_epifauna,sieve_data
seagrass_epifauna,sieve_data
seagrass_epifauna,sieve_data
seagrass_epifauna,sieve_data
seagrass_epifauna,sieve_data
seagrass_epifauna,sieve_data
seagrass_epifauna,taxa_list
seagrass_epifauna,taxa_list
seagrass_macroalgae,sample_metadata
seagrass_macroalgae,sample_metadata
seagrass_macroalgae,sample_metadata
seagrass_macroalgae,sample_metadata
seagrass_macroalgae,sample_metadata
seagrass_macroalgae,sample_metadata
seagrass_macroalgae,sample_metadata
seagrass_macroalgae,sample_metadata
seagrass_macroalgae,sample_metadata
seagrass_macroalgae,sample_metadata
seagrass_macroalgae,sample_metadata
seagrass_macroalgae,sample_data
seagrass_macroalgae,sample_data
seagrass_macroalgae,sample_data
seagrass_macroalgae,sample_data
seagrass_macroalgae,sample_data
seagrass_macroalgae,sample_data
seagrass_macroalgae,sample_data
seagrass_macroalgae,sample_data
seagrass_shoots,sample_metadata
seagrass_shoots,sample_metadata
seagrass_shoots,sample_metadata
seagrass_shoots,sample_metadata
seagrass_shoots,sample_metadata
seagrass_shoots,sample_metadata
seagrass_shoots,sample_metadata
seagrass_shoots,sample_metadata
seagrass_shoots,sample_metadata
seagrass_shoots,sample_metadata
seagrass_shoots,sample_metadata
seagrass_shoots,sample_data
seagrass_shoots,sample_data
seagrass_shoots,sample_data
seagrass_shoots,sample_data
seagrass_shoots,sample_data
seagrass_shoots,sample_data
seagrass_shoots,sample_data
seagrass_shoots,sample_data
seagrass_shoots,sample_data
seagrass_shoots,sample_data
seagrass_shoots,sample_data
seagrass_shoots,sample_data
seagrass_shoots,sample_data
seagrass_shoots,sample_data
seagrass_shoots,sample_data
seagrass_shoots,sample_data
seagrass_shoots,taxa_list
seagrass_shoots,taxa_list
seagrass_organic_matter,sample_metadata
seagrass_organic_matter,sample_metadata
seagrass_organic_matter,sample_metadata
seagrass_organic_matter,sample_metadata
seagrass_organic_matter,sample_metadata
seagrass_organic_matter,sample_metadata
seagrass_organic_matter,sample_metadata
seagrass_organic_matter,sample_metadata
seagrass_organic_matter,sample_metadata
seagrass_organic_matter,sample_metadata
seagrass_organic_matter,sample_metadata
seagrass_organic_matter,sample_data
seagrass_organic_matter,sample_data
seagrass_organic_matter,sample_data
seagrass_organic_matter,sample_data
seagrass_organic_matter,sample_data
seagrass_organic_matter,sample_data
seagrass_organic_matter,sample_data
seagrass_organic_matter,sample_data
seagrass_organic_matter,sample_data
seagrass_organic_matter,sample_data
seagrass_organic_matter,sample_data
seagrass_organic_matter,sample_data
seagrass_organic_matter,taxa_list
seagrass_organic_matter,taxa_list
fish_seines,sample_metadata
fish_seines,sample_metadata
fish_seines,sample_metadata
fish_seines,sample_metadata
fish_seines,sample_metadata
fish_seines,sample_metadata
fish_seines,sample_metadata
fish_seines,sample_metadata
fish_seines,sample_metadata
fish_seines,sample_metadata
fish_seines,sample_metadata
fish_seines,sample_metadata
fish_seines,sample_metadata
fish_seines,sample_metadata
fish_seines,sample_metadata
fish_seines,sample_data
fish_seines,sample_data
fish_seines,sample_data
fish_seines,sample_data
fish_seines,sample_data
fish_seines,sample_data
fish_seines,sample_data
fish_seines,taxa_list
fish_seines,taxa_list
predation_assay,sample_metadata
predation_assay,sample_metadata
predation_assay,sample_metadata
predation_assay,sample_metadata
predation_assay,sample_metadata
predation_assay,sample_metadata
predation_assay,sample_metadata
predation_assay,sample_metadata
predation_assay,sample_metadata
predation_assay,sample_metadata
predation_assay,sample_data
predation_assay,sample_data
predation_assay,sample_data
predation_assay,sample_data
predation_assay,sample_data
predation_assay,sample_data
predation_assay,sample_data
predation_assay,sample_data
predation_assay,sample_data
predation_assay,sample_data
water_quality,sample_metadata
water_quality,sample_metadata
water_quality,sample_metadata
water_quality,sample_metadata
water_quality,sample_metadata
water_quality,sample_metadata
water_quality,sample_metadata
water_quality,sample_metadata
water_quality,sample_metadata
water_quality,sample_metadata
water_quality,sample_metadata
water_quality,environmental_data
water_quality,environmental_data
water_quality,environmental_data
water_quality,environmental_data
water_quality,environmental_data
water_quality,environmental_data
water_quality,environmental_data
visual_census,sample_metadata
visual_census,sample_metadata
visual_census,sample_metadata
visual_census,sample_metadata
visual_census,sample_metadata
visual_census,sample_metadata
visual_census,sample_metadata
visual_census,sample_metadata
visual_census,sample_metadata
visual_census,sample_metadata
visual_census,sample_metadata
visual_census,sample_metadata
visual_census,fish_survey_data
visual_census,fish_survey_data
visual_census,fish_survey_data
visual_census,fish_survey_data
visual_census,fish_survey_data
visual_census,fish_survey_data
visual_census,fish_survey_data
visual_census,fish_survey_data
visual_census,fish_survey_data
visual_census,fish_survey_data
visual_census,fish_survey_data
visual_census,fish_survey_data
visual_census,fish_survey_data
visual_census,fish_survey_data
visual_census,fish_survey_data
visual_census,fish_survey_data
visual_census,fish_survey_data
visual_census,fish_survey_data
visual_census,fish_survey_data
visual_census,fish_survey_data
visual_census,fish_survey_data
visual_census,fish_survey_data
visual_census,fish_survey_data
visual_census,fish_survey_data
visual_census,fish_survey_data
visual_census,fish_survey_data
visual_census,fish_survey_data
visual_census,fish_survey_data
visual_census,fish_survey_data
visual_census,fish_survey_data
visual_census,fish_survey_data
visual_census,fish_survey_data
visual_census,fish_survey_data
visual_census,fish_survey_data
visual_census,fish_survey_data
visual_census,taxa_list
visual_census,taxa_list
visual_census,taxa_list
fish_trawls,sample_metadata
fish_trawls,sample_metadata
fish_trawls,sample_metadata
fish_trawls,sample_metadata
fish_trawls,sample_metadata
fish_trawls,sample_metadata
fish_trawls,sample_metadata
fish_trawls,sample_metadata
fish_trawls,sample_metadata
fish_trawls,sample_metadata
fish_trawls,sample_metadata
fish_trawls,sample_metadata
fish_trawls,sample_metadata
fish_trawls,sample_metadata
fish_trawls,SampleData
fish_trawls,SampleData
fish_trawls,SampleData
fish_trawls,SampleData
fish_trawls,SampleData
fish_trawls,SampleData
fish_trawls,SampleData
fish_trawls,taxa_list
fish_trawls,taxa_list
